{
	"credit": "Made with Blockbench",
	"texture_size": [32, 32],
	"textures": {
		"2": "item/rods/flimsy_rod"
	},
	"elements": [
		{
			"from": [7, -2, 7],
			"to": [9, 10, 9],
			"rotation": {"angle": 0, "axis": "y", "origin": [8, 2, 8]},
			"faces": {
				"north": {"uv": [9, 3, 10, 9], "texture": "#2"},
				"east": {"uv": [9, 9, 10, 15], "texture": "#2"},
				"south": {"uv": [0, 9.5, 1, 15.5], "texture": "#2"},
				"west": {"uv": [1, 9.5, 2, 15.5], "texture": "#2"},
				"up": {"uv": [15, 11, 14, 10], "texture": "#2"},
				"down": {"uv": [15.5, 5, 14.5, 6], "texture": "#2"}
			}
		},
		{
			"from": [7, 9.24, 8.84],
			"to": [9, 21.24, 10.84],
			"rotation": {"angle": 22.5, "axis": "x", "origin": [8, 14.24, 9.84]},
			"faces": {
				"north": {"uv": [2, 9.5, 3, 15.5], "texture": "#2"},
				"east": {"uv": [3, 9.5, 4, 15.5], "texture": "#2"},
				"south": {"uv": [4, 9.5, 5, 15.5], "texture": "#2"},
				"west": {"uv": [5, 9.5, 6, 15.5], "texture": "#2"},
				"up": {"uv": [7, 15.5, 6, 14.5], "texture": "#2"},
				"down": {"uv": [8, 14.5, 7, 15.5], "texture": "#2"}
			}
		},
		{
			"from": [7.001, 17.001, 8.001],
			"to": [8.999, 24.999, 9.999],
			"rotation": {"angle": -22.5, "axis": "x", "origin": [8, 22, 9]},
			"faces": {
				"north": {"uv": [6, 9.5, 7, 13.5], "texture": "#2"},
				"east": {"uv": [7, 9.5, 8, 13.5], "texture": "#2"},
				"south": {"uv": [8, 9.5, 9, 13.5], "texture": "#2"},
				"west": {"uv": [10, 3, 11, 7], "texture": "#2"},
				"up": {"uv": [12, 15.5, 11, 14.5], "texture": "#2"},
				"down": {"uv": [13, 14.5, 12, 15.5], "texture": "#2"}
			}
		},
		{
			"from": [8.08, 4.20701, -3.01399],
			"to": [8.08, 23.20701, 5.98601],
			"rotation": {"angle": 22.5, "axis": "x", "origin": [8, 2, 8]},
			"faces": {
				"north": {"uv": [0, 0, 0, 9.5], "texture": "#2"},
				"east": {"uv": [0, 0, 4.5, 9.5], "texture": "#2"},
				"south": {"uv": [0, 0, 0, 9.5], "texture": "#2"},
				"west": {"uv": [4.5, 0, 9, 9.5], "texture": "#2"},
				"up": {"uv": [0, 4.5, 0, 0], "texture": "#2"},
				"down": {"uv": [0, 0, 0, 4.5], "texture": "#2"}
			}
		},
		{
			"from": [8, 20.53255, 2.00938],
			"to": [8, 23.53255, 16.00938],
			"rotation": {"angle": -22.5, "axis": "x", "origin": [8, 2, 8]},
			"faces": {
				"north": {"uv": [0, 0, 0, 1.5], "texture": "#2"},
				"east": {"uv": [9, 0, 16, 1.5], "texture": "#2"},
				"south": {"uv": [0, 0, 0, 1.5], "texture": "#2"},
				"west": {"uv": [9, 1.5, 16, 3], "texture": "#2"},
				"up": {"uv": [0, 7, 0, 0], "texture": "#2"},
				"down": {"uv": [0, 0, 0, 7], "texture": "#2"}
			}
		},
		{
			"from": [6, 4, 6],
			"to": [10, 6, 10],
			"rotation": {"angle": 0, "axis": "y", "origin": [8, 2, 8]},
			"faces": {
				"north": {"uv": [13, 6, 15, 7], "texture": "#2"},
				"east": {"uv": [6, 13.5, 8, 14.5], "texture": "#2"},
				"south": {"uv": [13.5, 11.5, 15.5, 12.5], "texture": "#2"},
				"west": {"uv": [14, 7, 16, 8], "texture": "#2"},
				"up": {"uv": [12, 9, 10, 7], "texture": "#2"},
				"down": {"uv": [12, 9, 10, 11], "texture": "#2"}
			}
		},
		{
			"from": [6.49333, 20.58179, 7.10935],
			"to": [9.49333, 23.58179, 10.10935],
			"rotation": {"angle": -22.5, "axis": "x", "origin": [8, 2, 8]},
			"faces": {
				"north": {"uv": [12, 11.5, 13.5, 13], "texture": "#2"},
				"east": {"uv": [10, 12.5, 11.5, 14], "texture": "#2"},
				"south": {"uv": [13, 3, 14.5, 4.5], "texture": "#2"},
				"west": {"uv": [13, 4.5, 14.5, 6], "texture": "#2"},
				"up": {"uv": [13, 14.5, 11.5, 13], "texture": "#2"},
				"down": {"uv": [14.5, 13, 13, 14.5], "texture": "#2"}
			}
		},
		{
			"from": [6, 11, 6],
			"to": [10, 11, 9],
			"rotation": {"angle": 0, "axis": "y", "origin": [8, 2, 9]},
			"faces": {
				"north": {"uv": [0, 0, 2, 0], "texture": "#2"},
				"east": {"uv": [0, 0, 1.5, 0], "texture": "#2"},
				"south": {"uv": [0, 0, 2, 0], "texture": "#2"},
				"west": {"uv": [0, 0, 1.5, 0], "texture": "#2"},
				"up": {"uv": [12, 12.5, 10, 11], "texture": "#2"},
				"down": {"uv": [14, 7, 12, 8.5], "texture": "#2"}
			}
		},
		{
			"from": [6, 17, 8],
			"to": [10, 17, 11],
			"rotation": {"angle": 0, "axis": "y", "origin": [8, 2, 11]},
			"faces": {
				"north": {"uv": [0, 0, 2, 0], "texture": "#2"},
				"east": {"uv": [0, 0, 1.5, 0], "texture": "#2"},
				"south": {"uv": [0, 0, 2, 0], "texture": "#2"},
				"west": {"uv": [0, 0, 1.5, 0], "texture": "#2"},
				"up": {"uv": [14, 10, 12, 8.5], "texture": "#2"},
				"down": {"uv": [14, 10, 12, 11.5], "texture": "#2"}
			}
		},
		{
			"from": [7, 4.24264, 6],
			"to": [9, 8.24264, 10],
			"rotation": {"angle": -45, "axis": "x", "origin": [8, 2, 8]},
			"faces": {
				"north": {"uv": [8, 13.5, 9, 15.5], "texture": "#2"},
				"east": {"uv": [11, 3, 13, 5], "texture": "#2"},
				"south": {"uv": [14, 8, 15, 10], "texture": "#2"},
				"west": {"uv": [11, 5, 13, 7], "texture": "#2"},
				"up": {"uv": [11, 16, 10, 14], "texture": "#2"},
				"down": {"uv": [15.5, 3, 14.5, 5], "texture": "#2"}
			}
		}
	],
	"gui_light": "front",
	"display": {
		"thirdperson_righthand": {
			"translation": [0, 5, 1.25]
		},
		"thirdperson_lefthand": {
			"translation": [0, 5, 1.25]
		},
		"firstperson_righthand": {
			"rotation": [-31, -9, -11],
			"translation": [2.75, 5.5, 0]
		},
		"firstperson_lefthand": {
			"rotation": [-31, -9, -11],
			"translation": [2.75, 5.5, 0]
		},
		"gui": {
			"rotation": [-132.19, 48.67, 150.29],
			"translation": [1.75, -2.25, 0],
			"scale": [0.7, 0.7, 0.7]
		},
		"head": {
			"translation": [-0.5, 5.75, -1.75]
		}
	},
	"groups": [
		{
			"name": "rod",
			"origin": [8, 8, 8],
			"color": 0,
			"nbt": "{}",
			"children": [0, 1, 2, 3, 4, 5, 6, 7, 8, 9]
		}
	]
}