{
	"credit": "Made with Blockbench",
	"texture_size": [64, 64],
	"textures": {
		"2": "item/rods/fortune_rod"
	},
	"elements": [
		{
			"from": [7, -2, 7],
			"to": [9, 25, 9],
			"rotation": {"angle": 0, "axis": "y", "origin": [8, 2, 8]},
			"faces": {
				"north": {"uv": [4.5, 0, 5, 6.75], "texture": "#2"},
				"east": {"uv": [0, 4.75, 0.5, 11.5], "texture": "#2"},
				"south": {"uv": [0.5, 4.75, 1, 11.5], "texture": "#2"},
				"west": {"uv": [1, 4.75, 1.5, 11.5], "texture": "#2"},
				"up": {"uv": [7.25, 5.75, 6.75, 5.25], "texture": "#2"},
				"down": {"uv": [6, 6.75, 5.5, 7.25], "texture": "#2"}
			}
		},
		{
			"from": [8.08, 4.20701, -3.01399],
			"to": [8.08, 23.20701, 5.98601],
			"rotation": {"angle": 22.5, "axis": "x", "origin": [8, 2, 8]},
			"faces": {
				"north": {"uv": [0, 0, 0, 4.75], "texture": "#2"},
				"east": {"uv": [0, 0, 2.25, 4.75], "texture": "#2"},
				"south": {"uv": [0, 0, 0, 4.75], "texture": "#2"},
				"west": {"uv": [2.25, 0, 4.5, 4.75], "texture": "#2"},
				"up": {"uv": [0, 2.25, 0, 0], "texture": "#2"},
				"down": {"uv": [0, 0, 0, 2.25], "texture": "#2"}
			}
		},
		{
			"from": [8, 20.53255, 2.00938],
			"to": [8, 23.53255, 16.00938],
			"rotation": {"angle": -22.5, "axis": "x", "origin": [8, 2, 8]},
			"faces": {
				"north": {"uv": [0, 0, 0, 0.75], "texture": "#2"},
				"east": {"uv": [5, 0, 8.5, 0.75], "texture": "#2"},
				"south": {"uv": [0, 0, 0, 0.75], "texture": "#2"},
				"west": {"uv": [5, 0.75, 8.5, 1.5], "texture": "#2"},
				"up": {"uv": [0, 3.5, 0, 0], "texture": "#2"},
				"down": {"uv": [0, 0, 0, 3.5], "texture": "#2"}
			}
		},
		{
			"from": [6, 4, 6],
			"to": [10, 6, 10],
			"rotation": {"angle": 0, "axis": "y", "origin": [8, 2, 8]},
			"faces": {
				"north": {"uv": [3, 6.25, 4, 6.75], "texture": "#2"},
				"east": {"uv": [5, 6.25, 6, 6.75], "texture": "#2"},
				"south": {"uv": [3, 6.75, 4, 7.25], "texture": "#2"},
				"west": {"uv": [6.75, 3.75, 7.75, 4.25], "texture": "#2"},
				"up": {"uv": [6, 2.5, 5, 1.5], "texture": "#2"},
				"down": {"uv": [6, 2.5, 5, 3.5], "texture": "#2"}
			}
		},
		{
			"from": [5, 7, 5],
			"to": [11, 7, 11],
			"rotation": {"angle": 22.5, "axis": "x", "origin": [8, 7, 8]},
			"faces": {
				"north": {"uv": [0, 0, 1.5, 0], "texture": "#2"},
				"east": {"uv": [0, 0, 1.5, 0], "texture": "#2"},
				"south": {"uv": [0, 0, 1.5, 0], "texture": "#2"},
				"west": {"uv": [0, 0, 1.5, 0], "texture": "#2"},
				"up": {"uv": [3, 6.25, 1.5, 4.75], "texture": "#2"},
				"down": {"uv": [4.5, 4.75, 3, 6.25], "texture": "#2"}
			}
		},
		{
			"from": [6.49333, 20.58179, 7.10935],
			"to": [9.49333, 23.58179, 10.10935],
			"rotation": {"angle": -22.5, "axis": "x", "origin": [8, 2, 8]},
			"faces": {
				"north": {"uv": [6, 3.75, 6.75, 4.5], "texture": "#2"},
				"east": {"uv": [6, 4.5, 6.75, 5.25], "texture": "#2"},
				"south": {"uv": [6, 5.25, 6.75, 6], "texture": "#2"},
				"west": {"uv": [6, 6, 6.75, 6.75], "texture": "#2"},
				"up": {"uv": [2.25, 7, 1.5, 6.25], "texture": "#2"},
				"down": {"uv": [3, 6.25, 2.25, 7], "texture": "#2"}
			}
		},
		{
			"from": [6, 11, 5],
			"to": [10, 11, 8],
			"rotation": {"angle": 0, "axis": "y", "origin": [8, 2, 8]},
			"faces": {
				"north": {"uv": [0, 0, 1, 0], "texture": "#2"},
				"east": {"uv": [0, 0, 0.75, 0], "texture": "#2"},
				"south": {"uv": [0, 0, 1, 0], "texture": "#2"},
				"west": {"uv": [0, 0, 0.75, 0], "texture": "#2"},
				"up": {"uv": [6, 6.25, 5, 5.5], "texture": "#2"},
				"down": {"uv": [7, 1.5, 6, 2.25], "texture": "#2"}
			}
		},
		{
			"from": [6, 17, 5],
			"to": [10, 17, 8],
			"rotation": {"angle": 0, "axis": "y", "origin": [8, 2, 8]},
			"faces": {
				"north": {"uv": [0, 0, 1, 0], "texture": "#2"},
				"east": {"uv": [0, 0, 0.75, 0], "texture": "#2"},
				"south": {"uv": [0, 0, 1, 0], "texture": "#2"},
				"west": {"uv": [0, 0, 0.75, 0], "texture": "#2"},
				"up": {"uv": [7, 3, 6, 2.25], "texture": "#2"},
				"down": {"uv": [7, 3, 6, 3.75], "texture": "#2"}
			}
		},
		{
			"from": [7, 4.24264, 6],
			"to": [9, 8.24264, 10],
			"rotation": {"angle": -45, "axis": "x", "origin": [8, 2, 8]},
			"faces": {
				"north": {"uv": [4, 6.25, 4.5, 7.25], "texture": "#2"},
				"east": {"uv": [5, 3.5, 6, 4.5], "texture": "#2"},
				"south": {"uv": [6.75, 4.25, 7.25, 5.25], "texture": "#2"},
				"west": {"uv": [5, 4.5, 6, 5.5], "texture": "#2"},
				"up": {"uv": [5, 7.75, 4.5, 6.75], "texture": "#2"},
				"down": {"uv": [5.5, 6.75, 5, 7.75], "texture": "#2"}
			}
		}
	],
	"gui_light": "front",
	"display": {
		"thirdperson_righthand": {
			"translation": [0, 5, 1.25]
		},
		"thirdperson_lefthand": {
			"translation": [0, 5, 1.25]
		},
		"firstperson_righthand": {
			"rotation": [-31, -9, -11],
			"translation": [2.75, 5.5, 0]
		},
		"firstperson_lefthand": {
			"rotation": [-31, -9, -11],
			"translation": [2.75, 5.5, 0]
		},
		"gui": {
			"rotation": [-132.19, 48.67, 150.29],
			"translation": [1.75, -2.25, 0],
			"scale": [0.7, 0.7, 0.7]
		},
		"head": {
			"translation": [-0.5, 5.75, -1.75]
		}
	},
	"groups": [
		{
			"name": "rod",
			"origin": [8, 8, 8],
			"color": 0,
			"nbt": "{}",
			"children": [0, 1, 2, 3, 4, 5, 6, 7, 8]
		}
	]
}