{
	"credit": "Made with Blockbench",
	"texture_size": [64, 64],
	"textures": {
		"2": "item/rods/long_rod"
	},
	"elements": [
		{
			"from": [7, -2, 7],
			"to": [9, 31, 9],
			"rotation": {"angle": 0, "axis": "y", "origin": [8, 2, 8]},
			"faces": {
				"north": {"uv": [7.5, 4.75, 8, 13], "texture": "#2"},
				"east": {"uv": [7, 4.75, 7.5, 13], "texture": "#2"},
				"south": {"uv": [8.5, 4.75, 9, 13], "texture": "#2"},
				"west": {"uv": [8, 4.75, 8.5, 13], "texture": "#2"},
				"up": {"uv": [8, 4.75, 7.5, 4.25], "texture": "#2"},
				"down": {"uv": [8.5, 4.25, 8, 4.75], "texture": "#2"}
			}
		},
		{
			"from": [8.08, 4.20701, -7.01399],
			"to": [8.08, 28.20701, 5.98601],
			"rotation": {"angle": 22.5, "axis": "x", "origin": [8, 2, 8]},
			"faces": {
				"north": {"uv": [3.25, 3.25, 3.25, 9.25], "texture": "#2"},
				"east": {"uv": [0, 3.25, 3.25, 9.25], "texture": "#2"},
				"south": {"uv": [6.5, 3.25, 6.5, 9.25], "texture": "#2"},
				"west": {"uv": [3.25, 3.25, 6.5, 9.25], "texture": "#2"},
				"up": {"uv": [3.25, 3.25, 3.25, 0], "texture": "#2"},
				"down": {"uv": [3.25, 0, 3.25, 3.25], "texture": "#2"}
			}
		},
		{
			"from": [8, 26.53255, 2.00938],
			"to": [8, 29.53255, 16.00938],
			"rotation": {"angle": -22.5, "axis": "x", "origin": [8, 8, 8]},
			"faces": {
				"north": {"uv": [10.5, 3.5, 10.5, 4.25], "texture": "#2"},
				"east": {"uv": [7, 3.5, 10.5, 4.25], "texture": "#2"},
				"south": {"uv": [14, 3.5, 14, 4.25], "texture": "#2"},
				"west": {"uv": [10.5, 3.5, 14, 4.25], "texture": "#2"},
				"up": {"uv": [10.5, 3.5, 10.5, 0], "texture": "#2"},
				"down": {"uv": [10.5, 0, 10.5, 3.5], "texture": "#2"}
			}
		},
		{
			"from": [6, 4, 6],
			"to": [10, 6, 10],
			"rotation": {"angle": 0, "axis": "y", "origin": [8, 2, 8]},
			"faces": {
				"north": {"uv": [10, 5.25, 11, 5.75], "texture": "#2"},
				"east": {"uv": [9, 5.25, 10, 5.75], "texture": "#2"},
				"south": {"uv": [12, 5.25, 13, 5.75], "texture": "#2"},
				"west": {"uv": [11, 5.25, 12, 5.75], "texture": "#2"},
				"up": {"uv": [11, 5.25, 10, 4.25], "texture": "#2"},
				"down": {"uv": [12, 4.25, 11, 5.25], "texture": "#2"}
			}
		},
		{
			"from": [6.49333, 26.58179, 7.10935],
			"to": [9.49333, 29.58179, 10.10935],
			"rotation": {"angle": -22.5, "axis": "x", "origin": [8, 8, 8]},
			"faces": {
				"north": {"uv": [9.75, 8.5, 10.5, 9.25], "rotation": 180, "texture": "#2"},
				"east": {"uv": [9, 8.5, 9.75, 9.25], "rotation": 270, "texture": "#2"},
				"south": {"uv": [11.25, 8.5, 12, 9.25], "texture": "#2"},
				"west": {"uv": [10.5, 8.5, 11.25, 9.25], "rotation": 90, "texture": "#2"},
				"up": {"uv": [10.5, 8.5, 9.75, 7.75], "rotation": 180, "texture": "#2"},
				"down": {"uv": [11.25, 7.75, 10.5, 8.5], "texture": "#2"}
			}
		},
		{
			"from": [6, 11, 5],
			"to": [10, 11, 8],
			"rotation": {"angle": 0, "axis": "y", "origin": [8, 2, 8]},
			"faces": {
				"north": {"uv": [0.75, 10, 1.75, 10], "texture": "#2"},
				"east": {"uv": [0, 10, 0.75, 10], "texture": "#2"},
				"south": {"uv": [2.5, 10, 3.5, 10], "texture": "#2"},
				"west": {"uv": [1.75, 10, 2.5, 10], "texture": "#2"},
				"up": {"uv": [1.75, 10, 0.75, 9.25], "texture": "#2"},
				"down": {"uv": [2.75, 9.25, 1.75, 10], "texture": "#2"}
			}
		},
		{
			"from": [6, 17, 5],
			"to": [10, 17, 8],
			"rotation": {"angle": 0, "axis": "y", "origin": [8, 2, 8]},
			"faces": {
				"north": {"uv": [7.25, 6.5, 8.25, 6.5], "texture": "#2"},
				"east": {"uv": [6.5, 6.5, 7.25, 6.5], "texture": "#2"},
				"south": {"uv": [9, 6.5, 10, 6.5], "texture": "#2"},
				"west": {"uv": [8.25, 6.5, 9, 6.5], "texture": "#2"},
				"up": {"uv": [2.75, 10, 1.75, 9.25], "texture": "#2"},
				"down": {"uv": [2.75, 9.25, 1.75, 10], "texture": "#2"}
			}
		},
		{
			"from": [6, 23, 5],
			"to": [10, 23, 8],
			"rotation": {"angle": 0, "axis": "y", "origin": [8, 8, 8]},
			"faces": {
				"north": {"uv": [7.25, 6.5, 8.25, 6.5], "texture": "#2"},
				"east": {"uv": [6.5, 6.5, 7.25, 6.5], "texture": "#2"},
				"south": {"uv": [9, 6.5, 10, 6.5], "texture": "#2"},
				"west": {"uv": [8.25, 6.5, 9, 6.5], "texture": "#2"},
				"up": {"uv": [2.75, 10, 1.75, 9.25], "texture": "#2"},
				"down": {"uv": [2.75, 9.25, 1.75, 10], "texture": "#2"}
			}
		},
		{
			"from": [6, 23, 5],
			"to": [10, 23, 8],
			"rotation": {"angle": 0, "axis": "y", "origin": [8, 8, 8]},
			"faces": {
				"north": {"uv": [7.25, 6.5, 8.25, 6.5], "texture": "#2"},
				"east": {"uv": [6.5, 6.5, 7.25, 6.5], "texture": "#2"},
				"south": {"uv": [9, 6.5, 10, 6.5], "texture": "#2"},
				"west": {"uv": [8.25, 6.5, 9, 6.5], "texture": "#2"},
				"up": {"uv": [2.75, 10, 1.75, 9.25], "texture": "#2"},
				"down": {"uv": [2.75, 9.25, 1.75, 10], "texture": "#2"}
			}
		},
		{
			"from": [7, 4.24264, 6],
			"to": [9, 8.24264, 10],
			"rotation": {"angle": -45, "axis": "x", "origin": [8, 2, 8]},
			"faces": {
				"north": {"uv": [10, 6.75, 10.5, 7.75], "texture": "#2"},
				"east": {"uv": [9, 6.75, 10, 7.75], "texture": "#2"},
				"south": {"uv": [11.5, 6.75, 12, 7.75], "texture": "#2"},
				"west": {"uv": [10.5, 6.75, 11.5, 7.75], "texture": "#2"},
				"up": {"uv": [10.5, 6.75, 10, 5.75], "texture": "#2"},
				"down": {"uv": [11, 5.75, 10.5, 6.75], "texture": "#2"}
			}
		}
	],
	"gui_light": "front",
	"display": {
		"thirdperson_righthand": {
			"translation": [0, 5, 1.25]
		},
		"thirdperson_lefthand": {
			"translation": [0, 5, 1.25]
		},
		"firstperson_righthand": {
			"rotation": [-31, -9, -11],
			"translation": [2.75, 5.5, 0]
		},
		"firstperson_lefthand": {
			"rotation": [-31, -9, -11],
			"translation": [2.75, 5.5, 0]
		},
		"gui": {
			"rotation": [-132.19, 48.67, 150.29],
			"translation": [1.75, -2.25, 0],
			"scale": [0.7, 0.7, 0.7]
		},
		"head": {
			"translation": [-0.5, 5.75, -1.75]
		}
	},
	"groups": [
		{
			"name": "rod",
			"origin": [8, 8, 8],
			"color": 0,
			"nbt": "{}",
			"children": [0, 1, 2, 3, 4, 5, 6, 7, 8, 9]
		}
	]
}