{
	"credit": "Made with Blockbench",
	"texture_size": [64, 64],
	"textures": {
		"1": "item/rods/training_rod",
		"particle": "item/rods/training_rod"
	},
	"elements": [
		{
			"from": [7, -2, 7],
			"to": [9, 25, 9],
			"rotation": {"angle": 0, "axis": "y", "origin": [8, 2, 8]},
			"faces": {
				"north": {"uv": [5, 0.5, 5.5, 7.25], "texture": "#1"},
				"east": {"uv": [4.5, 0.5, 5, 7.25], "texture": "#1"},
				"south": {"uv": [6, 0.5, 6.5, 7.25], "texture": "#1"},
				"west": {"uv": [5.5, 0.5, 6, 7.25], "texture": "#1"},
				"up": {"uv": [5.5, 0.5, 5, 0], "texture": "#1"},
				"down": {"uv": [6, 0, 5.5, 0.5], "texture": "#1"}
			}
		},
		{
			"from": [8.08, 4.20701, -3.01399],
			"to": [8.08, 23.20701, 5.98601],
			"rotation": {"angle": 22.5, "axis": "x", "origin": [8, 2, 8]},
			"faces": {
				"north": {"uv": [2.25, 2.25, 2.25, 7], "texture": "#1"},
				"east": {"uv": [0, 2.25, 2.25, 7], "texture": "#1"},
				"south": {"uv": [4.5, 2.25, 4.5, 7], "texture": "#1"},
				"west": {"uv": [2.25, 2.25, 4.5, 7], "texture": "#1"},
				"up": {"uv": [2.25, 2.25, 2.25, 0], "texture": "#1"},
				"down": {"uv": [2.25, 0, 2.25, 2.25], "texture": "#1"}
			}
		},
		{
			"from": [8, 20.53255, 2.00938],
			"to": [8, 23.53255, 16.00938],
			"rotation": {"angle": -22.5, "axis": "x", "origin": [8, 2, 8]},
			"faces": {
				"north": {"uv": [0, 0, 0, 0.75], "texture": "#1"},
				"east": {"uv": [6.5, 6.5, 10, 7.25], "texture": "#1"},
				"south": {"uv": [0, 0, 0, 0.75], "texture": "#1"},
				"west": {"uv": [0, 7, 3.5, 7.75], "texture": "#1"},
				"up": {"uv": [0, 3.5, 0, 0], "texture": "#1"},
				"down": {"uv": [0, 0, 0, 3.5], "texture": "#1"}
			}
		},
		{
			"from": [6, 4, 6],
			"to": [10, 6, 10],
			"rotation": {"angle": 0, "axis": "y", "origin": [8, 2, 8]},
			"faces": {
				"north": {"uv": [7.5, 1, 8.5, 1.5], "texture": "#1"},
				"east": {"uv": [6.5, 1, 7.5, 1.5], "texture": "#1"},
				"south": {"uv": [9.5, 1, 10.5, 1.5], "texture": "#1"},
				"west": {"uv": [8.5, 1, 9.5, 1.5], "texture": "#1"},
				"up": {"uv": [8.5, 1, 7.5, 0], "texture": "#1"},
				"down": {"uv": [9.5, 0, 8.5, 1], "texture": "#1"}
			}
		},
		{
			"from": [6.49333, 20.58179, 7.10935],
			"to": [9.49333, 23.58179, 10.10935],
			"rotation": {"angle": -22.5, "axis": "x", "origin": [8, 2, 8]},
			"faces": {
				"north": {"uv": [7.25, 4.25, 8, 5], "rotation": 180, "texture": "#1"},
				"east": {"uv": [6.5, 4.25, 7.25, 5], "rotation": 270, "texture": "#1"},
				"south": {"uv": [8.75, 4.25, 9.5, 5], "texture": "#1"},
				"west": {"uv": [8, 4.25, 8.75, 5], "rotation": 90, "texture": "#1"},
				"up": {"uv": [8, 4.25, 7.25, 3.5], "rotation": 180, "texture": "#1"},
				"down": {"uv": [8.75, 3.5, 8, 4.25], "texture": "#1"}
			}
		},
		{
			"from": [6, 11, 5],
			"to": [10, 11, 8],
			"rotation": {"angle": 0, "axis": "y", "origin": [8, 2, 8]},
			"faces": {
				"north": {"uv": [7.25, 5.75, 8.25, 5.75], "texture": "#1"},
				"east": {"uv": [6.5, 5.75, 7.25, 5.75], "texture": "#1"},
				"south": {"uv": [9, 5.75, 10, 5.75], "texture": "#1"},
				"west": {"uv": [8.25, 5.75, 9, 5.75], "texture": "#1"},
				"up": {"uv": [8.25, 5.75, 7.25, 5], "texture": "#1"},
				"down": {"uv": [9.25, 5, 8.25, 5.75], "texture": "#1"}
			}
		},
		{
			"from": [6, 17, 5],
			"to": [10, 17, 8],
			"rotation": {"angle": 0, "axis": "y", "origin": [8, 2, 8]},
			"faces": {
				"north": {"uv": [7.25, 6.5, 8.25, 6.5], "texture": "#1"},
				"east": {"uv": [6.5, 6.5, 7.25, 6.5], "texture": "#1"},
				"south": {"uv": [9, 6.5, 10, 6.5], "texture": "#1"},
				"west": {"uv": [8.25, 6.5, 9, 6.5], "texture": "#1"},
				"up": {"uv": [8.25, 6.5, 7.25, 5.75], "texture": "#1"},
				"down": {"uv": [9.25, 5.75, 8.25, 6.5], "texture": "#1"}
			}
		},
		{
			"from": [7, 4.24264, 6],
			"to": [9, 8.24264, 10],
			"rotation": {"angle": -45, "axis": "x", "origin": [8, 2, 8]},
			"faces": {
				"north": {"uv": [7.5, 2.5, 8, 3.5], "texture": "#1"},
				"east": {"uv": [6.5, 2.5, 7.5, 3.5], "texture": "#1"},
				"south": {"uv": [9, 2.5, 9.5, 3.5], "texture": "#1"},
				"west": {"uv": [8, 2.5, 9, 3.5], "texture": "#1"},
				"up": {"uv": [8, 2.5, 7.5, 1.5], "texture": "#1"},
				"down": {"uv": [8.5, 1.5, 8, 2.5], "texture": "#1"}
			}
		}
	],
	"gui_light": "front",
	"display": {
		"thirdperson_righthand": {
			"translation": [0, 5, 1.25]
		},
		"thirdperson_lefthand": {
			"translation": [0, 5, 1.25]
		},
		"firstperson_righthand": {
			"rotation": [-31, -9, -11],
			"translation": [2.75, 5.5, 0]
		},
		"firstperson_lefthand": {
			"rotation": [-31, -9, -11],
			"translation": [2.75, 5.5, 0]
		},
		"gui": {
			"rotation": [-132.19, 48.67, 150.29],
			"translation": [1.75, -2.25, 0],
			"scale": [0.7, 0.7, 0.7]
		},
		"head": {
			"translation": [-0.5, 5.75, -1.75]
		}
	},
	"groups": [
		{
			"name": "rod",
			"origin": [8, 8, 8],
			"color": 0,
			"nbt": "{}",
			"children": [0, 1, 2, 3, 4, 5, 6, 7]
		}
	]
}