{
    "reel": {
    "category": "master",
    "sounds": [
    "reel"
  ],
    "subtitle": "reel rod"
  },
  
  "catch": {
    "category": "master",
    "sounds": [
    "catch"
  ],
    "subtitle": "lured fish"
  },

  "rare_catch": {
    "category": "master",
    "sounds": [
    "rare_catch"
  ],
    "subtitle": "lured rare fish"
  },

  "failed_catch": {
    "category": "master",
    "sounds": [
    "failed_catch"
  ],
    "subtitle": "fish escaped"
  },

  "successful_catch": {
    "category": "master",
    "sounds": [
    "successful_catch"
  ],
    "subtitle": "caught fish"
  }
}