{
  "parent": "minecraft:item/template_skull",

"overrides": [
		{
			"predicate": {
				"custom_model_data": 1
			},
			"model": "item/display_head"
		},
		{
			"predicate": {
				"custom_model_data": 2
			},
			"model": "custom/plr_model/player_leg"
		},
		{
			"predicate": {
				"custom_model_data": 3
			},
			"model": "custom/plr_model/player_leg"
		},
		{
			"predicate": {
				"custom_model_data": 4
			},
			"model": "custom/plr_model/player_arm"
		},
		{
			"predicate": {
				"custom_model_data": 5
			},
			"model": "custom/plr_model/player_arm"
		},
		{
			"predicate": {
				"custom_model_data": 6
			},
			"model": "custom/plr_model/player_slimb"
		},
		{
			"predicate": {
				"custom_model_data": 7
			},
			"model": "custom/plr_model/player_slimb"
		},
		{
			"predicate": {
				"custom_model_data": 8
			},
			"model": "custom/ui/large_player_head"
		},
		{
			"predicate": {
				"custom_model_data": 9
			},
			"model": "item/player_head"
		},
		{
			"predicate": {
				"custom_model_data": 10
			},
			"model": "custom/plr_model/player_body"
		},
		{
			"predicate": {
				"custom_model_data": 11
			},
			"model": "custom/plr_model/player_head"
		}
	]
}
