{
  "parent": "minecraft:item/handheld",
  "textures": {
    "layer0": "minecraft:item/stick"
  },
  "overrides": [
    {"predicate": {"custom_model_data":1}, "model": "custom/rods/flimsy_rod"},
    {"predicate": {"custom_model_data":2}, "model": "custom/rods/training_rod"},
    {"predicate": {"custom_model_data":3}, "model": "custom/rods/plastic_rod"},
    {"predicate": {"custom_model_data":4}, "model": "custom/rods/carbon_rod"},
    {"predicate": {"custom_model_data":5}, "model": "custom/rods/long_rod"},
    {"predicate": {"custom_model_data":6}, "model": "custom/rods/fast_rod"},
    {"predicate": {"custom_model_data":7}, "model": "custom/rods/lucky_rod"},
    {"predicate": {"custom_model_data":8}, "model": "custom/rods/steady_rod"},
    {"predicate": {"custom_model_data":9}, "model": "custom/rods/fortune_rod"},
    {"predicate": {"custom_model_data":10}, "model": "custom/rods/rapid_rod"},
    {"predicate": {"custom_model_data":11}, "model": "custom/rods/magma_rod"},
    {"predicate": {"custom_model_data":12}, "model": "custom/rods/fungal_rod"}
    ]
}
