{
	"parent": "item/generated",
	"textures": {
		"layer0": "minecraft:item/candle"
	},
	"overrides": [
		{
			"predicate": {
				"custom_model_data": 1
			},
			"model": "item/animated_java_empty"
		},
		{
			"predicate": {
				"custom_model_data": 2
			},
			"model": "animated_java:item/plr_rig/head"
		},
		{
			"predicate": {
				"custom_model_data": 3
			},
			"model": "animated_java:item/plr_rig/body"
		},
		{
			"predicate": {
				"custom_model_data": 4
			},
			"model": "animated_java:item/plr_rig/rod"
		},
		{
			"predicate": {
				"custom_model_data": 5
			},
			"model": "animated_java:item/plr_rig/rightarm"
		},
		{
			"predicate": {
				"custom_model_data": 6
			},
			"model": "animated_java:item/plr_rig/leftarm"
		},
		{
			"predicate": {
				"custom_model_data": 7
			},
			"model": "animated_java:item/plr_rig/rightleg"
		},
		{
			"predicate": {
				"custom_model_data": 8
			},
			"model": "animated_java:item/plr_rig/leftleg"
		}
	],
	"animated_java": {
		"rigs": {
			"plr_rig": {
				"used_ids": [
					2,
					3,
					4,
					5,
					6,
					7,
					8
				]
			}
		}
	}
}