{
	"textures": {
		"1": "minecraft:item/rods/flimsy_rod"
	},
	"elements": [
		{
			"from": [
				7.111111111111112,
				4.510413917029067,
				6.824585176436724
			],
			"to": [
				8.88888888888889,
				28.510413917029066,
				8.6023629542145
			],
			"rotation": {
				"angle": 0,
				"axis": "y",
				"origin": [
					7.111111111111112,
					6.288191694806842,
					6.824585176436724
				]
			},
			"faces": {
				"north": {
					"uv": [
						5,
						0.5,
						5.5,
						7.25
					],
					"texture": "#1"
				},
				"east": {
					"uv": [
						4.5,
						0.5,
						5,
						7.25
					],
					"texture": "#1"
				},
				"south": {
					"uv": [
						6,
						0.5,
						6.5,
						7.25
					],
					"texture": "#1"
				},
				"west": {
					"uv": [
						5.5,
						0.5,
						6,
						7.25
					],
					"texture": "#1"
				},
				"up": {
					"uv": [
						5.5,
						0.5,
						5,
						0
					],
					"texture": "#1"
				},
				"down": {
					"uv": [
						6,
						0,
						5.5,
						0.5
					],
					"texture": "#1"
				}
			}
		},
		{
			"from": [
				8.071111111111112,
				11.621525028140182,
				2.3801407319922854
			],
			"to": [
				8.071111111111112,
				28.510413917029066,
				10.38014073199228
			],
			"rotation": {
				"angle": 22.5,
				"axis": "x",
				"origin": [
					8,
					20.065969472584612,
					5.935696287547838
				]
			},
			"faces": {
				"north": {
					"uv": [
						2.25,
						2.25,
						2.25,
						7
					],
					"texture": "#1"
				},
				"east": {
					"uv": [
						0,
						2.25,
						2.25,
						7
					],
					"texture": "#1"
				},
				"south": {
					"uv": [
						4.5,
						2.25,
						4.5,
						7
					],
					"texture": "#1"
				},
				"west": {
					"uv": [
						2.25,
						2.25,
						4.5,
						7
					],
					"texture": "#1"
				},
				"up": {
					"uv": [
						2.25,
						2.25,
						2.25,
						0
					],
					"texture": "#1"
				},
				"down": {
					"uv": [
						2.25,
						0,
						2.25,
						2.25
					],
					"texture": "#1"
				}
			}
		},
		{
			"from": [
				8,
				24.71781836147349,
				-4.73097037911883
			],
			"to": [
				8,
				27.384485028140155,
				7.713474065325612
			],
			"rotation": {
				"angle": -22.5,
				"axis": "x",
				"origin": [
					8,
					26.051151694806823,
					4.602362954214506
				]
			},
			"faces": {
				"north": {
					"uv": [
						0,
						0,
						0,
						0.75
					],
					"texture": "#1"
				},
				"east": {
					"uv": [
						6.5,
						6.5,
						10,
						7.25
					],
					"texture": "#1"
				},
				"south": {
					"uv": [
						0,
						0,
						0,
						0.75
					],
					"texture": "#1"
				},
				"west": {
					"uv": [
						0,
						7,
						3.5,
						7.75
					],
					"texture": "#1"
				},
				"up": {
					"uv": [
						0,
						3.5,
						0,
						0
					],
					"texture": "#1"
				},
				"down": {
					"uv": [
						0,
						0,
						0,
						3.5
					],
					"texture": "#1"
				}
			}
		},
		{
			"from": [
				6.222222222222224,
				9.843747250362402,
				5.935696287547838
			],
			"to": [
				9.777777777777777,
				11.621525028140182,
				9.49125184310339
			],
			"rotation": {
				"angle": 0,
				"axis": "y",
				"origin": [
					7.111111111111112,
					9.843747250362402,
					6.824585176436724
				]
			},
			"faces": {
				"north": {
					"uv": [
						7.5,
						1,
						8.5,
						1.5
					],
					"texture": "#1"
				},
				"east": {
					"uv": [
						6.5,
						1,
						7.5,
						1.5
					],
					"texture": "#1"
				},
				"south": {
					"uv": [
						9.5,
						1,
						10.5,
						1.5
					],
					"texture": "#1"
				},
				"west": {
					"uv": [
						8.5,
						1,
						9.5,
						1.5
					],
					"texture": "#1"
				},
				"up": {
					"uv": [
						8.5,
						1,
						7.5,
						0
					],
					"texture": "#1"
				},
				"down": {
					"uv": [
						9.5,
						0,
						8.5,
						1
					],
					"texture": "#1"
				}
			}
		},
		{
			"from": [
				6.660737777777779,
				23.011151694806834,
				-0.2865259346743816
			],
			"to": [
				9.327404444444443,
				25.677818361473495,
				2.3801407319922854
			],
			"rotation": {
				"angle": -22.5,
				"axis": "x",
				"origin": [
					7.555555555555555,
					25.39930280591794,
					0.15791850977006305
				]
			},
			"faces": {
				"north": {
					"uv": [
						7.25,
						4.25,
						8,
						5
					],
					"rotation": 180,
					"texture": "#1"
				},
				"east": {
					"uv": [
						6.5,
						4.25,
						7.25,
						5
					],
					"rotation": 270,
					"texture": "#1"
				},
				"south": {
					"uv": [
						8.75,
						4.25,
						9.5,
						5
					],
					"texture": "#1"
				},
				"west": {
					"uv": [
						8,
						4.25,
						8.75,
						5
					],
					"rotation": 90,
					"texture": "#1"
				},
				"up": {
					"uv": [
						8,
						4.25,
						7.25,
						3.5
					],
					"rotation": 180,
					"texture": "#1"
				},
				"down": {
					"uv": [
						8.75,
						3.5,
						8,
						4.25
					],
					"texture": "#1"
				}
			}
		},
		{
			"from": [
				6.222222222222224,
				16.065969472584612,
				5.046807398658951
			],
			"to": [
				9.777777777777777,
				16.065969472584612,
				7.713474065325612
			],
			"rotation": {
				"angle": 0,
				"axis": "y",
				"origin": [
					7.111111111111112,
					16.954858361473505,
					6.824585176436724
				]
			},
			"faces": {
				"north": {
					"uv": [
						7.25,
						5.75,
						8.25,
						5.75
					],
					"texture": "#1"
				},
				"east": {
					"uv": [
						6.5,
						5.75,
						7.25,
						5.75
					],
					"texture": "#1"
				},
				"south": {
					"uv": [
						9,
						5.75,
						10,
						5.75
					],
					"texture": "#1"
				},
				"west": {
					"uv": [
						8.25,
						5.75,
						9,
						5.75
					],
					"texture": "#1"
				},
				"up": {
					"uv": [
						8.25,
						5.75,
						7.25,
						5
					],
					"texture": "#1"
				},
				"down": {
					"uv": [
						9.25,
						5,
						8.25,
						5.75
					],
					"texture": "#1"
				}
			}
		},
		{
			"from": [
				6.222222222222224,
				21.399302805917944,
				5.046807398658951
			],
			"to": [
				9.777777777777777,
				21.399302805917944,
				7.713474065325612
			],
			"rotation": {
				"angle": 0,
				"axis": "y",
				"origin": [
					7.111111111111112,
					22.288191694806834,
					6.824585176436724
				]
			},
			"faces": {
				"north": {
					"uv": [
						7.25,
						6.5,
						8.25,
						6.5
					],
					"texture": "#1"
				},
				"east": {
					"uv": [
						6.5,
						6.5,
						7.25,
						6.5
					],
					"texture": "#1"
				},
				"south": {
					"uv": [
						9,
						6.5,
						10,
						6.5
					],
					"texture": "#1"
				},
				"west": {
					"uv": [
						8.25,
						6.5,
						9,
						6.5
					],
					"texture": "#1"
				},
				"up": {
					"uv": [
						8.25,
						6.5,
						7.25,
						5.75
					],
					"texture": "#1"
				},
				"down": {
					"uv": [
						9.25,
						5.75,
						8.25,
						6.5
					],
					"texture": "#1"
				}
			}
		},
		{
			"from": [
				7.111111111111112,
				8.954858361473514,
				3.2690296208811738
			],
			"to": [
				8.88888888888889,
				12.510413917029073,
				6.824585176436724
			],
			"rotation": {
				"angle": -45,
				"axis": "x",
				"origin": [
					8,
					10.732636139251293,
					5.046807398658951
				]
			},
			"faces": {
				"north": {
					"uv": [
						7.5,
						2.5,
						8,
						3.5
					],
					"texture": "#1"
				},
				"east": {
					"uv": [
						6.5,
						2.5,
						7.5,
						3.5
					],
					"texture": "#1"
				},
				"south": {
					"uv": [
						9,
						2.5,
						9.5,
						3.5
					],
					"texture": "#1"
				},
				"west": {
					"uv": [
						8,
						2.5,
						9,
						3.5
					],
					"texture": "#1"
				},
				"up": {
					"uv": [
						8,
						2.5,
						7.5,
						1.5
					],
					"texture": "#1"
				},
				"down": {
					"uv": [
						8.5,
						1.5,
						8,
						2.5
					],
					"texture": "#1"
				}
			}
		}
	],
	"display": {
		"head": {
			"rotation": [
				0,
				180,
				0
			]
		}
	}
}