{
	"textures": {
		"0": "animated_java:item/plr_rig/e0f497d6f5fcafff"
	},
	"elements": [
		{
			"from": [
				4,
				-4,
				6
			],
			"to": [
				12,
				8,
				10
			],
			"faces": {
				"north": {
					"uv": [
						5,
						5,
						7,
						8
					],
					"texture": "#0"
				},
				"east": {
					"uv": [
						4,
						5,
						5,
						8
					],
					"texture": "#0"
				},
				"south": {
					"uv": [
						8,
						5,
						10,
						8
					],
					"texture": "#0"
				},
				"west": {
					"uv": [
						7,
						5,
						8,
						8
					],
					"texture": "#0"
				},
				"up": {
					"uv": [
						7,
						5,
						5,
						4
					],
					"texture": "#0"
				},
				"down": {
					"uv": [
						9,
						4,
						7,
						5
					],
					"texture": "#0"
				}
			}
		},
		{
			"from": [
				3.75,
				-4.25,
				5.75
			],
			"to": [
				12.25,
				8.25,
				10.25
			],
			"faces": {
				"north": {
					"uv": [
						5,
						9,
						7,
						12
					],
					"texture": "#0"
				},
				"east": {
					"uv": [
						4,
						9,
						5,
						12
					],
					"texture": "#0"
				},
				"south": {
					"uv": [
						8,
						9,
						10,
						12
					],
					"texture": "#0"
				},
				"west": {
					"uv": [
						7,
						9,
						8,
						12
					],
					"texture": "#0"
				},
				"up": {
					"uv": [
						7,
						9,
						5,
						8
					],
					"texture": "#0"
				},
				"down": {
					"uv": [
						9,
						8,
						7,
						9
					],
					"texture": "#0"
				}
			}
		}
	],
	"display": {
		"head": {
			"rotation": [
				0,
				180,
				0
			]
		}
	}
}